Link Name,Center of Mass X,Center of Mass Y,Center of Mass Z,Center of Mass Roll,Center of Mass Pitch,Center of Mass Yaw,Mass,Moment Ixx,Moment Ixy,Moment Ixz,Moment Iyy,Moment Iyz,Moment Izz,Visual X,Visual Y,Visual Z,Visual Roll,Visual Pitch,Visual Yaw,Mesh Filename,Color Red,Color Green,Color Blue,Color Alpha,Collision X,Collision Y,Collision Z,Collision Roll,Collision Pitch,Collision Yaw,Collision Mesh Filename,Material Name,SW Components,Coordinate System,Axis Name,Joint Name,Joint Type,Joint Origin X,Joint Origin Y,Joint Origin Z,Joint Origin Roll,Joint Origin Pitch,Joint Origin Yaw,Parent,Joint Axis X,Joint Axis Y,Joint Axis Z,Limit Effort,Limit Velocity,Limit Lower,Limit Upper,Calibration rising,Calibration falling,Dynamics Damping,Dynamics Friction,Safety Soft Upper,Safety Soft Lower,Safety K Position,Safety K Velocity
base_link,"-0,028702","0,023642","0,3",0,0,0,"2,9125","0,0083161","-1,0981E-18","3,3087E-21","0,023609","6,23E-17","0,017678",0,0,0,0,0,0,package://Ensamblaje1.SLDASM/meshes/base_link.STL,"0,79216","0,81961","0,93333",1,0,0,0,0,0,0,package://Ensamblaje1.SLDASM/meshes/base_link.STL,,Pieza5-4,Origin_global,,,,0,0,0,0,0,0,,0,0,0,,,,,,,,,,,,
shoulder1_link,"-0,017073","-0,026","-0,0082951",0,0,0,"0,085942","5,8621E-05","1,7512E-19","-1,7003E-05","8,8263E-05","3,9589E-19","4,9409E-05",0,0,0,0,0,0,package://Ensamblaje1.SLDASM/meshes/shoulder1_link.STL,"0,79216","0,81961","0,93333",1,0,0,0,0,0,0,package://Ensamblaje1.SLDASM/meshes/shoulder1_link.STL,,Pieza3-7,Origin_shoulder_1joint,Axis_shoulder_1joint,shoulder_1joint,continuous,"0,065298","-0,2325","0,041658","1,5708","-1,5708",0,base_link,0,1,0,,,,,,,,,,,,
farm1_link,"-2,91797081360123E-05","-0,0421352270488175","-0,0270000051498192",0,0,0,"0,282664104459604","0,000349332088023825","3,63348036716155E-08","-4,71942627343428E-10","0,000140930726025841","-7,17340754891274E-11","0,000343863478305224",0,0,0,0,0,0,package://Ensamblaje1.SLDASM/meshes/farm1_link.STL,"0,792156862745098","0,819607843137255","0,933333333333333",1,0,0,0,0,0,0,package://Ensamblaje1.SLDASM/meshes/farm1_link.STL,,Pieza2-8,Origin_farm_joint,Axis_farm_joint,farm_joint,continuous,"-0,0375","-0,026","-0,0325",0,0,"-1,5708",shoulder1_link,0,0,1,,,,,,,,,,,,
arm1_link,"-0,0756692247611909","-0,0251495604506558","0,0180541237925674",0,0,0,"0,12022943376458","7,0256289405954E-05","-0,000163445063148604","1,51502402128336E-08","0,000507688798640445","3,78491411734249E-09","0,000561208345287563",0,0,0,0,0,0,package://Ensamblaje1.SLDASM/meshes/arm1_link.STL,"0,792156862745098","0,819607843137255","0,933333333333333",1,0,0,0,0,0,0,package://Ensamblaje1.SLDASM/meshes/arm1_link.STL,,Pieza1-9,Origin_arm1_joint,Axis_arm1_joint,arm1_joint,continuous,0,"-0,14","-0,0089481","3,1416",0,"3,1416",farm1_link,0,0,1,,,,,,,,,,,,
shoulder2_link,"-0,017073083220185","0,0260000000000003","-0,00829512573722843",0,0,0,"0,0859423832112994","5,86206942212301E-05","1,73853702686718E-19","-1,70027014831955E-05","8,826347843492E-05","3,88956524281552E-19","4,94087650450277E-05",0,0,0,0,0,0,package://Ensamblaje1.SLDASM/meshes/shoulder2_link.STL,"0,792156862745098","0,819607843137255","0,933333333333333",1,0,0,0,0,0,0,package://Ensamblaje1.SLDASM/meshes/shoulder2_link.STL,,Pieza3-6,Origin_shoulder2_joint,Axis_shoulder2_joint,shoulder2_joint,continuous,"-0,1227","-0,2325","0,041658","1,5708","-1,5708",0,base_link,0,1,0,,,,,,,,,,,,
farm2_link,"-2,91797081360679E-05","-0,0421352270488188","-0,0270000051498191",0,0,0,"0,282664104459604","0,000349332088023825","3,63348036715542E-08","-4,71942627366693E-10","0,000140930726025841","-7,17340754220275E-11","0,000343863478305224",0,0,0,0,0,0,package://Ensamblaje1.SLDASM/meshes/farm2_link.STL,"0,792156862745098","0,819607843137255","0,933333333333333",1,0,0,0,0,0,0,package://Ensamblaje1.SLDASM/meshes/farm2_link.STL,,Pieza2-7,Origin_farm2_joint,Axis_farm2_joint,farm2_joint,continuous,"-0,0375000000000039","0,0260000000000005","-0,0324999999999989",0,0,"-1,5707963267949",shoulder2_link,0,0,1,,,,,,,,,,,,
arm2_link,"-0,075669","-0,02515","0,018054",0,0,0,"0,12023","7,0256E-05","-0,00016345","1,515E-08","0,00050769","3,7849E-09","0,00056121",0,0,0,0,0,0,package://Ensamblaje1.SLDASM/meshes/arm2_link.STL,"0,79216","0,81961","0,93333",1,0,0,0,0,0,0,package://Ensamblaje1.SLDASM/meshes/arm2_link.STL,,Pieza1-8,Origin_arm2_joint,Axis_arm2_joint,arm2_joint,continuous,0,"-0,140000000000002","-0,00894808346758744","3,14159265358979",0,"3,14159265358979",farm2_link,0,0,1,,,,,,,,,,,,
shoulder3_link,"-0,0170730832201813","0,026","-0,00829512573723057",0,0,0,"0,0859423832112994","5,86206942212297E-05","-1,52060658084929E-21","-1,70027014831956E-05","8,82634784349198E-05","4,45294803752975E-21","4,94087650450279E-05",0,0,0,0,0,0,package://Ensamblaje1.SLDASM/meshes/shoulder3_link.STL,"0,792156862745098","0,819607843137255","0,933333333333333",1,0,0,0,0,0,0,package://Ensamblaje1.SLDASM/meshes/shoulder3_link.STL,,Pieza3-4,Origin_shoulder3_joint,Axis_shoulder3_joint,shoulder3_joint,continuous,"0,065298","-0,3675","0,041658","1,5708","-1,5708",0,base_link,0,1,0,,,,,,,,,,,,
farm3_link,"-2,91797605622562E-05","-0,0421352270435725","0,0269999948321654",0,0,0,"0,282664104309007","0,000349332087920565","3,63344967255085E-08","-4,71792780784079E-10","0,000140930725787309","-7,17782243820979E-11","0,000343863478020101",0,0,0,0,0,0,package://Ensamblaje1.SLDASM/meshes/farm3_link.STL,"0,792156862745098","0,819607843137255","0,933333333333333",1,0,0,0,0,0,0,package://Ensamblaje1.SLDASM/meshes/farm3_link.STL,,Pieza2-9,Origin_farm3_joint,Axis_farm3_joint,farm3_joint,continuous,"-0,0375000000000003","0,026","-0,0324999999999996","3,14159265358979",0,"1,56836041774668",shoulder3_link,0,0,1,,,,,,,,,,,,
arm3_link,"-0,0756692357346032","-0,0251495525138842","-0,0197449454551583",0,0,0,"0,120229423332528","7,02562572496306E-05","-0,000163444998163363","1,51378296925737E-08","0,000507688947877435","3,79344623694306E-09","0,000561208462944951",0,0,0,0,0,0,package://Ensamblaje1.SLDASM/meshes/arm3_link.STL,"0,792156862745098","0,819607843137255","0,933333333333333",1,0,0,0,0,0,0,package://Ensamblaje1.SLDASM/meshes/arm3_link.STL,,Pieza1-10,Origin_arm3_joint,Axis_arm3_joint,arm3_joint,continuous,0,"-0,14","0,00725284743733218","3,14159265358978",0,"-3,05195582059373",farm3_link,0,0,1,,,,,,,,,,,,
shoulder4_link,0,0,0,0,0,0,0,0,0,0,0,0,0,0,0,0,0,0,0,package://Ensamblaje1.SLDASM/meshes/shoulder4_link.STL,1,1,1,1,0,0,0,0,0,0,package://Ensamblaje1.SLDASM/meshes/shoulder4_link.STL,,Pieza3-3,Origin_shoulder4_joint,Axis_shoulder4_joint,shoulder4_joint,continuous,"-0,122702370312486","-0,3675","0,0416578283463463","1,5707963267949","-1,5707963267949",0,base_link,0,1,0,,,,,,,,,,,,
farm4_link,"-2,91797081366785E-05","-0,042135227048818","0,0269999948501814",0,0,0,"0,282664104459604","0,000349332088023824","3,63348036716635E-08","-4,71942627402364E-10","0,000140930726025841","-7,17340753445198E-11","0,000343863478305223",0,0,0,0,0,0,package://Ensamblaje1.SLDASM/meshes/farm4_link.STL,"0,792156862745098","0,819607843137255","0,933333333333333",1,0,0,0,0,0,0,package://Ensamblaje1.SLDASM/meshes/farm4_link.STL,,Pieza2-1,Origin_farm4_joint,Axis_farm4_joint,farm4_joint,continuous,"-0,0375000000000006","-0,0260000000000007","-0,0324999999999998","3,14159265358979",0,"1,57079632679489",shoulder4_link,0,0,1,,,,,,,,,,,,
arm4_link,"-0,075669","-0,02515","-0,019745",0,0,0,"0,12023","7,0256E-05","-0,00016345","1,515E-08","0,00050769","3,7849E-09","0,00056121",0,0,0,0,0,0,package://Ensamblaje1.SLDASM/meshes/arm4_link.STL,"0,79216","0,81961","0,93333",1,0,0,0,0,0,0,package://Ensamblaje1.SLDASM/meshes/arm4_link.STL,,Pieza1-2,Origin_arm4_joint,Axis_arm4_joint,arm4_joint,continuous,0,"-0,140000000000001","0,00725284743733362","3,14159265358979",0,"3,14159265358979",farm4_link,0,0,1,,,,,,,,,,,,
