Link Name,Center of Mass X,Center of Mass Y,Center of Mass Z,Center of Mass Roll,Center of Mass Pitch,Center of Mass Yaw,Mass,Moment Ixx,Moment Ixy,Moment Ixz,Moment Iyy,Moment Iyz,Moment Izz,Visual X,Visual Y,Visual Z,Visual Roll,Visual Pitch,Visual Yaw,Mesh Filename,Color Red,Color Green,Color Blue,Color Alpha,Collision X,Collision Y,Collision Z,Collision Roll,Collision Pitch,Collision Yaw,Collision Mesh Filename,Material Name,SW Components,Coordinate System,Axis Name,Joint Name,Joint Type,Joint Origin X,Joint Origin Y,Joint Origin Z,Joint Origin Roll,Joint Origin Pitch,Joint Origin Yaw,Parent,Joint Axis X,Joint Axis Y,Joint Axis Z,Limit Effort,Limit Velocity,Limit Lower,Limit Upper,Calibration rising,Calibration falling,Dynamics Damping,Dynamics Friction,Safety Soft Upper,Safety Soft Lower,Safety K Position,Safety K Velocity
base_link,"-0,028702370312489","0,0236416880956005","0,3",0,0,0,"2,91253503437809","0,00831607133346217","-1,06259427961001E-18","6,00533124713495E-19","0,0236094849210333","6,23003984077875E-17","0,0176778889177933",0,0,0,0,0,0,package://Ensamblaje4/meshes/base_link.STL,"0,792156862745098","0,819607843137255","0,933333333333333",1,0,0,0,0,0,0,package://Ensamblaje4/meshes/base_link.STL,,Pieza5-4,Origin_global,,,,0,0,0,0,0,0,,0,0,0,,,,,,,,,,,,
leftFS_Link,"-0,017073","0,026","-0,0082951",0,0,0,"0,085942","5,8621E-05","-1,343E-21","-1,7003E-05","8,8263E-05","5,0063E-21","4,9409E-05",0,0,0,0,0,0,package://Ensamblaje4/meshes/leftFS_Link.STL,"0,79216","0,81961","0,93333",1,0,0,0,0,0,0,package://Ensamblaje4/meshes/leftFS_Link.STL,,Pieza3-4,Origin_leftFS_Joint,Axis_leftFS_Joint,leftFS_Joint,continuous,"0,065298","-0,3675","0,041658","1,5708","-1,5708",0,base_link,0,1,0,,,,,,,,,,,,
leftFA_Link,"-2,91797805240801E-05","-0,0421352270427828","0,0269999948268717",0,0,0,"0,282664104259083","0,000349332087908703","3,63343742945319E-08","-4,71742227649422E-10","0,000140930725709345","-7,1786177411005E-11","0,000343863477947196",0,0,0,0,0,0,package://Ensamblaje4/meshes/leftFA_Link.STL,"0,792156862745098","0,819607843137255","0,933333333333333",1,0,0,0,0,0,0,package://Ensamblaje4/meshes/leftFA_Link.STL,,Pieza2-9,Origin_leftFA_Joint,Axis_leftFA_Joint,leftFA_Joint,continuous,"-0,0375","0,026","-0,0325","3,1416",0,"1,5808",leftFS_Link,0,0,1,,,,,,,,,,,,
leftFP_Link,"-0,0756692375957305","-0,0251496125644137","-0,0197449433933082",0,0,0,"0,120229424158974","7,02564502169684E-05","-0,000163445501158334","1,51434333244575E-08","0,000507688937787995","3,73106217046827E-09","0,000561208642642626",0,0,0,0,0,0,package://Ensamblaje4/meshes/leftFP_Link.STL,"0,792156862745098","0,819607843137255","0,933333333333333",1,0,0,0,0,0,0,package://Ensamblaje4/meshes/leftFP_Link.STL,,Pieza1-10,Origin_leftFP_Joint,Axis_leftFP_Joint,leftFP_Joint,continuous,0,"-0,14","0,0072528","3,1416",0,"1,8895",leftFA_Link,0,0,1,,,,,,,,,,,,
rightFS_Link,"-0,017073083220185","-0,0260000000000008","-0,00829512573723093",0,0,0,"0,0859423832112995","5,86206942212301E-05","1,75016501913386E-19","-1,70027014831955E-05","8,82634784349199E-05","3,96675567746017E-19","4,94087650450277E-05",0,0,0,0,0,0,package://Ensamblaje4/meshes/rightFS_Link.STL,"0,792156862745098","0,819607843137255","0,933333333333333",1,0,0,0,0,0,0,package://Ensamblaje4/meshes/rightFS_Link.STL,,Pieza3-7,Origin_rightFS_Joint,Axis_rightFS_Joint,rightFS_Joint,continuous,"0,065298","-0,2325","0,041658","1,5708","-1,5708",0,base_link,0,1,0,,,,,,,,,,,,
rightFA_Link,"-2,91794105662657E-05","-0,0421352270723111","-0,0270000050743744",0,0,0,"0,282664105166215","0,000349332088360571","3,63366527765957E-08","-4,72681744136165E-10","0,000140930727122963","-7,16242679417116E-11","0,000343863479514521",0,0,0,0,0,0,package://Ensamblaje4/meshes/rightFA_Link.STL,"0,792156862745098","0,819607843137255","0,933333333333333",1,0,0,0,0,0,0,package://Ensamblaje4/meshes/rightFA_Link.STL,,Pieza2-8,Origin_rightFA_Joint,Axis_rightFA_Joint,rightFA_Joint,continuous,"-0,0375000000000039","-0,0260000000000006","-0,0324999999999958",0,0,"-1,55070987957536",rightFS_Link,0,0,1,,,,,,,,,,,,
rightFP_Link,"-0,0756692424332023","-0,0251495964642137","0,0180541252056813",0,0,0,"0,120229419029893","7,0256396204227E-05","-0,000163445366790831","1,51363794571742E-08","0,000507689010721107","3,74794737529403E-09","0,000561208662490414",0,0,0,0,0,0,package://Ensamblaje4/meshes/rightFP_Link.STL,"0,792156862745098","0,819607843137255","0,933333333333333",1,0,0,0,0,0,0,package://Ensamblaje4/meshes/rightFP_Link.STL,,Pieza1-9,Origin_rightFP_Joint,Axis_rightFP_Joint,rightFP_Joint,continuous,0,"-0,139999999999997","-0,00894808346758477","-3,14159265358979",0,"1,83698246484381",rightFA_Link,0,0,1,,,,,,,,,,,,
rightBS_Link,"-0,017073083220185","0,0260000000000003","-0,00829512573722843",0,0,0,"0,0859423832112994","5,86206942212301E-05","1,74310151679248E-19","-1,70027014831955E-05","8,82634784349199E-05","3,90460628754902E-19","4,94087650450277E-05",0,0,0,0,0,0,package://Ensamblaje4/meshes/rightBS_Link.STL,"0,792156862745098","0,819607843137255","0,933333333333333",1,0,0,0,0,0,0,package://Ensamblaje4/meshes/rightBS_Link.STL,,Pieza3-6,Origin_rightBS_Joint,Axis_rightBS_Joint,rightBS_Joint,continuous,"-0,1227","-0,2325","0,041658","1,5708","-1,5708",0,base_link,0,1,0,,,,,,,,,,,,
rightBA_Link,"-2,91797685087469E-05","-0,0421352270430016","-0,0270000051699532",0,0,0,"0,282664104289456","0,000349332087911901","3,63344478469508E-08","-4,71772599504427E-10","0,000140930725756618","-7,17816292147051E-11","0,000343863477987214",0,0,0,0,0,0,package://Ensamblaje4/meshes/rightBA_Link.STL,"0,792156862745098","0,819607843137255","0,933333333333333",1,0,0,0,0,0,0,package://Ensamblaje4/meshes/rightBA_Link.STL,,Pieza2-7,Origin_rightBA_Joint,Axis_rightBA_Joint,rightBA_Joint,continuous,"-0,0375000000000039","0,0260000000000005","-0,032499999999996",0,0,"-1,56800491511519",rightBS_Link,0,0,1,,,,,,,,,,,,
rightBP_Link,"-0,0756692306062511","-0,0251496316132026","0,018054126275604",0,0,0,"0,120229431395219","7,02565141796652E-05","-0,000163445660351031","1,51531043892081E-08","0,000507688834711916","3,71102744940758E-09","0,000561208602413601",0,0,0,0,0,0,package://Ensamblaje4/meshes/rightBP_Link.STL,"0,792156862745098","0,819607843137255","0,933333333333333",1,0,0,0,0,0,0,package://Ensamblaje4/meshes/rightBP_Link.STL,,Pieza1-8,Origin_rightBP_Joint,Axis_rightBP_Joint,rightBP_Joint,continuous,0,"-0,139999999999996","-0,00894808346758488","-3,14159265358979",0,"1,88733601886022",rightBA_Link,0,0,1,,,,,,,,,,,,
leftBS_Link,"-0,0170730832201818","-0,0260000000000006","-0,00829512573723173",0,0,0,"0,0859423832112994","5,86206942212302E-05","2,29508254450804E-20","-1,70027014831955E-05","8,826347843492E-05","4,31105647668547E-20","4,94087650450276E-05",0,0,0,0,0,0,package://Ensamblaje4/meshes/leftBS_Link.STL,"0,792156862745098","0,819607843137255","0,933333333333333",1,0,0,0,0,0,0,package://Ensamblaje4/meshes/leftBS_Link.STL,,Pieza3-3,Origin_leftBS_Joint,Axis_leftBS_Joint,leftBS_Joint,continuous,"-0,1227","-0,3675","0,041658","1,5708","-1,5708",0,base_link,0,1,0,,,,,,,,,,,,
leftBA_Link,"-2,91796542380984E-05","-0,0421352270508583","0,0269999948604899",0,0,0,"0,282664104571117","0,000349332088031702","3,63351507818686E-08","-4,72062703609084E-10","0,000140930726197346","-7,17328637271273E-11","0,000343863478454358",0,0,0,0,0,0,package://Ensamblaje4/meshes/leftBA_Link.STL,"0,792156862745098","0,819607843137255","0,933333333333333",1,0,0,0,0,0,0,package://Ensamblaje4/meshes/leftBA_Link.STL,,Pieza2-1,Origin_leftBA_Joint,Axis_leftBA_Joint,leftBA_Joint,continuous,"-0,0375000000000006","-0,0260000000000007","-0,0324999999999998","-3,14159265358979",0,"1,5749500728207",leftBS_Link,0,0,1,,,,,,,,,,,,
leftBP_Link,"-0,0756692305512593","-0,0251496316920305","-0,0197449428173774",0,0,0,"0,120229431449163","7,02565144574874E-05","-0,000163445661009415","1,51531715921693E-08","0,00050768883394132","3,71094373925255E-09","0,000561208601915842",0,0,0,0,0,0,package://Ensamblaje4/meshes/leftBP_Link.STL,"0,792156862745098","0,819607843137255","0,933333333333333",1,0,0,0,0,0,0,package://Ensamblaje4/meshes/leftBP_Link.STL,,Pieza1-2,Origin_leftBP_Joint,Axis_leftBP_Joint,leftBP_Joint,continuous,0,"-0,140000000000001","0,00725284743733368","3,14159265358979",0,"1,90219519591404",leftBA_Link,0,0,1,,,,,,,,,,,,
