Link Name,Center of Mass X,Center of Mass Y,Center of Mass Z,Center of Mass Roll,Center of Mass Pitch,Center of Mass Yaw,Mass,Moment Ixx,Moment Ixy,Moment Ixz,Moment Iyy,Moment Iyz,Moment Izz,Visual X,Visual Y,Visual Z,Visual Roll,Visual Pitch,Visual Yaw,Mesh Filename,Color Red,Color Green,Color Blue,Color Alpha,Collision X,Collision Y,Collision Z,Collision Roll,Collision Pitch,Collision Yaw,Collision Mesh Filename,Material Name,SW Components,Coordinate System,Axis Name,Joint Name,Joint Type,Joint Origin X,Joint Origin Y,Joint Origin Z,Joint Origin Roll,Joint Origin Pitch,Joint Origin Yaw,Parent,Joint Axis X,Joint Axis Y,Joint Axis Z,Limit Effort,Limit Velocity,Limit Lower,Limit Upper,Calibration rising,Calibration falling,Dynamics Damping,Dynamics Friction,Safety Soft Upper,Safety Soft Lower,Safety K Position,Safety K Velocity
base_link,"-0,0124560961796145","-0,0409999994301741","-0,00233986843560478",0,0,0,"0,00658972398686175","3,29857331727594E-07","1,47738659333215E-09","3,13834972541337E-13","8,89060601708156E-07","-7,95923241063632E-15","1,14856702861154E-06",0,0,0,0,0,0,package://Ensamblaje3.SLDASM/meshes/base_link.STL,"0,792156862745098","0,819607843137255","0,933333333333333",1,0,0,0,0,0,0,package://Ensamblaje3.SLDASM/meshes/base_link.STL,,Pieza4-1,Origin_global,,,,0,0,0,0,0,0,,0,0,0,,,,,,,,,,,,
frontR_shoulder,"-0,00134546998218442","0,000481135750596688","0,000278165126156256",0,0,0,"0,000101252188353141","4,46882649014888E-10","-1,86220615025371E-24","1,16602759381571E-10","7,31886920401324E-10","-4,44612059116382E-24","9,86777335095632E-10",0,0,0,0,0,0,package://Ensamblaje3.SLDASM/meshes/frontR_shoulder.STL,"0,792156862745098","0,819607843137255","0,933333333333333",1,0,0,0,0,0,0,package://Ensamblaje3.SLDASM/meshes/frontR_shoulder.STL,,Pieza1-2,Origin_joint_frontR_shoulder,Axis_joint_frontR_shoulder,joint_frontR_shoulder,continuous,0,"-0,0519982475986085","-0,00232707879511801",0,"-0,206548056846484","1,5707963267949",base_link,0,1,0,,,,,,,,,,,,
frontR_arm,"0,000477821352132125","-0,00291820912879922","0,00309137640275258",0,0,0,"0,000318931846701528","6,33957698255523E-09","7,69118482043295E-10","-1,56985253625765E-10","1,71129793093052E-09","9,69592867263874E-10","6,13473354881489E-09",0,0,0,0,0,0,package://Ensamblaje3.SLDASM/meshes/frontR_arm.STL,"0,792156862745098","0,819607843137255","0,933333333333333",1,0,0,0,0,0,0,package://Ensamblaje3.SLDASM/meshes/frontR_arm.STL,,Pieza2-4,Origin_joint_frontR_arm,Axis_joint_frontR_arm,joint_frontR_arm,continuous,"-0,00671029427682522","0,000481135750596693",0,"1,5707963267949","0,157421598989493","-1,5707963267949",frontR_shoulder,0,0,1,,,,,,,,,,,,
frontR_leg,"0,0010495247507704","-0,00990497574332778","0,00706364214105366",0,0,0,"0,000406474327295245","3,76886272729931E-08","-5,28679113111044E-09","1,10780593965005E-09","3,55315952064573E-09","7,40142273866005E-09","3,75697895463364E-08",0,0,0,0,0,0,package://Ensamblaje3.SLDASM/meshes/frontR_leg.STL,"0,792156862745098","0,819607843137255","0,933333333333333",1,0,0,0,0,0,0,package://Ensamblaje3.SLDASM/meshes/frontR_leg.STL,,Pieza3-3,Origin_joint_frontR_leg,Axis_joint_frontR_leg,joint_frontR_leg,continuous,0,"-0,0125",0,0,0,"0,216001809628779",frontR_arm,0,0,1,,,,,,,,,,,,
frontL_shoulder,"-0,0013637349739057","0,00048113575059677","0,00016700967431638",0,0,0,"0,00010125218835314","4,31465876112685E-10","-6,94437238709559E-26","7,09583881036335E-11","7,31886920401322E-10","3,86681715985975E-26","1,00219410799783E-09",0,0,0,0,0,0,package://Ensamblaje3.SLDASM/meshes/frontL_shoulder.STL,"0,792156862745098","0,819607843137255","0,933333333333333",1,0,0,0,0,0,0,package://Ensamblaje3.SLDASM/meshes/frontL_shoulder.STL,,Pieza1-4,Origin_joint_frontL_shoulder,Axis_joint_frontL_shoulder,joint_frontL_shoulder,continuous,0,"-0,0300017524013917","-0,00232707879511793","-3,14159265358979","0,140202281450775","-1,57079632679489",base_link,0,1,0,,,,,,,,,,,,
frontL_arm,"5,38110900017735E-05","-0,00593784405692468","-0,00174238995796985",0,0,0,"0,000318931846701529","6,46364300900585E-09","4,46152796081809E-11","-5,31354794670027E-12","1,45736783875705E-09","5,97706351329381E-10","6,26459761453779E-09",0,0,0,0,0,0,package://Ensamblaje3.SLDASM/meshes/frontL_arm.STL,"0,792156862745098","0,819607843137255","0,933333333333333",1,0,0,0,0,0,0,package://Ensamblaje3.SLDASM/meshes/frontL_arm.STL,,Pieza2-6,Origin_joint_frontL_arm,Axis_joint_frontL_arm,joint_frontL_arm,continuous,"-0,00659764110894433","0,000481135750596771",0,"-1,5707963267949","-0,00973307601079597","-1,5707963267949",frontL_shoulder,0,0,1,,,,,,,,,,,,
frontL_leg,"0,00761048113112721","-0,010436212521288","0,000642213825837266",0,0,0,"0,000406474324083509","2,81506554798295E-08","1,65150806036925E-08","-2,42129849640799E-09","1,21051997080247E-08","3,85379808121244E-09","3,85557144569144E-08",0,0,0,0,0,0,package://Ensamblaje3.SLDASM/meshes/frontL_leg.STL,"0,792156862745098","0,819607843137255","0,933333333333333",1,0,0,0,0,0,0,package://Ensamblaje3.SLDASM/meshes/frontL_leg.STL,,Pieza3-4,Origin_joint_frontL_leg,Axis_joint_frontL_leg,joint_frontL_leg,continuous,0,"-0,0125",0,0,0,"-0,644746892981263",frontL_arm,0,0,1,,,,,,,,,,,,
backL_shoulder,"-0,00135186505285898","0,00550000000000002","0,000245206421668402",0,0,0,"0,000101252188353141","4,41508466944168E-10","1,38803139700044E-25","1,03275502034392E-10","7,31886920401323E-10","8,40992239563527E-27","9,9215151716635E-10",0,0,0,0,0,0,package://Ensamblaje3.SLDASM/meshes/backL_shoulder.STL,"0,792156862745098","0,819607843137255","0,933333333333333",1,0,0,0,0,0,0,package://Ensamblaje3.SLDASM/meshes/backL_shoulder.STL,,Pieza1-3,Origin_joint_backL_shoulder,Axis_joint_backL_shoulder,joint_backL_shoulder,continuous,"-0,0189811357505967","-0,0300017524013918","-0,002327078795118","-3,14159265358979","0,188471937276279","-1,57079632679489",base_link,0,1,0,,,,,,,,,,,,
backL_arm,"0,00281953675494376","-0,00575443410417344","-0,00130907650939512",0,0,0,"0,000318931846701529","5,52405764973385E-09","1,93481196110851E-09","-3,79851205274329E-10","2,48152053252641E-09","7,82569056701726E-10","6,18003028004042E-09",0,0,0,0,0,0,package://Ensamblaje3.SLDASM/meshes/backL_arm.STL,"0,792156862745098","0,819607843137255","0,933333333333333",1,0,0,0,0,0,0,package://Ensamblaje3.SLDASM/meshes/backL_arm.STL,,Pieza2-5,Origin_joint_backL_arm,Axis_joint_backL_arm,joint_backL_arm,continuous,"-0,00667551530879459","0,00550000000000002",0,"-1,5707963267949","-0,46565117654243","-1,5707963267949",backL_shoulder,0,0,1,,,,,,,,,,,,
backL_leg,"0,0101492906162605","-0,0117587415975118","0,00219339374987165",0,0,0,"0,00040647375512659","3,54655903426044E-08","9,9953190044841E-09","-1,92972540279772E-09","5,4378561739944E-09","6,35599589159695E-09","3,79079356494108E-08",0,0,0,0,0,0,package://Ensamblaje3.SLDASM/meshes/backL_leg.STL,"0,792156862745098","0,819607843137255","0,933333333333333",1,0,0,0,0,0,0,package://Ensamblaje3.SLDASM/meshes/backL_leg.STL,,Pieza3-6,Origin_joint_backL_leg,Axis_joint_backL_leg,joint_backL_leg,continuous,0,"-0,0125",0,0,0,"0,111297808824472",backL_arm,0,0,1,,,,,,,,,,,,
backR_shoulder,"-0,00136386996992898","-0,00550000000000001","-0,000165903633157443",0,0,0,"0,000101252188353141","4,31351157317299E-10","3,45410717675615E-25","-7,04954355019448E-11","7,31886920401322E-10","-1,14937071505681E-26","1,00230882679322E-09",0,0,0,0,0,0,package://Ensamblaje3.SLDASM/meshes/backR_shoulder.STL,"0,792156862745098","0,819607843137255","0,933333333333333",1,0,0,0,0,0,0,package://Ensamblaje3.SLDASM/meshes/backR_shoulder.STL,,Pieza1-1,Origin_joint_backR_shoulder,Axis_joint_backR_shoulder,joint_backR_shoulder,continuous,"-0,0194811357505967","-0,0519982475986085","-0,00232707879511807","3,14159265358979","-0,129596615239396","1,5707963267949",base_link,0,1,0,,,,,,,,,,,,
backR_arm,"0,00321324363186344","-0,00194841139042187","0,00293992505061844",0,0,0,"0,000318931846701529","2,81095475127459E-09","2,2248062966432E-09","-5,07218151161258E-10","5,1090865273765E-09","3,08786337534816E-10","6,2655671836496E-09",0,0,0,0,0,0,package://Ensamblaje3.SLDASM/meshes/backR_arm.STL,"0,792156862745098","0,819607843137255","0,933333333333333",1,0,0,0,0,0,0,package://Ensamblaje3.SLDASM/meshes/backR_arm.STL,,Pieza2-3,Origin_joint_backR_arm,Axis_joint_backR_arm,joint_backR_arm,continuous,"-0,00658350732908685","-0,00550000000000002",0,"-1,5707963267949","-1,01708381240659","1,5707963267949",backR_shoulder,0,0,1,,,,,,,,,,,,
backR_leg,"0,019607520691537","-0,0032183896998858","0,00530957287180542",0,0,0,"0,000406473439105432","2,02648214671812E-08","1,83618747929086E-08","-3,19814729505756E-09","1,99870073099391E-08","3,21648389094526E-09","3,85594502241609E-08",0,0,0,0,0,0,package://Ensamblaje3.SLDASM/meshes/backR_leg.STL,"0,792156862745098","0,819607843137255","0,933333333333333",1,0,0,0,0,0,0,package://Ensamblaje3.SLDASM/meshes/backR_leg.STL,,Pieza3-1,Origin_joint_backR_leg,Axis_joint_backR_leg,joint_backR_leg,continuous,0,"-0,0125",0,0,0,"0,184658210691208",backR_arm,0,0,1,,,,,,,,,,,,
